{
    "geo_radii": {
        "mean": 123.13238243055555,
        "std": 6.7414411719908625,
        "min": 104.06,
        "max": 143.375
    },
    "geo_knots": {
        "mean": [
            0.28881347777777777,
            -0.07430666750925924,
            2166.1972611111105,
            0.12093457950267303,
            -0.20681197722200453,
            2.9116509975000002,
            -0.009604696061108073,
            117.65814629629631,
            92.33805925925927
        ],
        "std": [
            0.1767603126383664,
            0.051131131717949876,
            1155.9570269859207,
            0.08485786303657368,
            0.1603614724466461,
            1.5744337522016072,
            0.05482023008526051,
            17.489946846855194,
            27.718976833376562
        ],
        "min": [
            0.0139626,
            -0.218591,
            70.0002,
            -0.0765069,
            -0.746497,
            -0.00367747,
            -0.1097,
            53.9876,
            32.8183
        ],
        "max": [
            0.765981,
            -5.96745e-16,
            3935.27,
            0.404853,
            0.280109,
            6.08831,
            0.16714,
            145.0,
            141.0
        ]
    },
    "geo_pith": {
        "mean": [
            179.5181592426399,
            173.95541292633746,
            1995.0
        ],
        "std": [
            6.826084140915793,
            6.396486210275676,
            1154.696929934431
        ],
        "min": [
            165.054525848,
            160.573241882,
            0.0
        ],
        "max": [
            192.642389682,
            185.413371207,
            3990.0
        ]
    }
}